_key,_tei_file,study_id,author_name,year_of_publication,program_name,country,year_intervention_started,evaluation_design,intervention_description,exposure_to_intervention,length_of_follow_up,intervention_start_year,intervention_start_month,intervention_end_year,intervention_end_month,final_followup_year,final_followup_month,evaluation_design_code,evaluation_method,evaluation_method_code,sample_size_treatment,sample_size_control,component_consumption_support,component_healthcare,component_assets,component_skills_training,component_savings,component_coaching,component_social_empowerment,outcome_name,outcome_description,effect_size,p_value,literal_text,text_position
9UCQN8H8.tei,/Users/joshuapolanin/Documents/OM_QEX/data/grobid_outputs/tei/9UCQN8H8.tei.xml,,,,Targeting the Ultra Poor (TUP) Program,India,2007,Randomized Controlled Trial,"Asset transfer program providing productive assets (primarily livestock) to ultra-poor households, with consumption support, skills training, and ongoing coaching",30,120,,,,,,,1,Randomized Controlled Trial,1,266,,Yes,Not mentioned,Yes,Yes,Yes,Yes,Not mentioned,Asset ownership index,"Principal component index of livestock, productive assets, and durable household items (standard deviation units)",0.2,0.05,"0.2 SD higher at 18 months (p < 0.05), 0.4 SD higher at 3 years (p < 0.01), 0.8 SD higher at 7 years (p < 0.01)","Page 8, Table 1, Column 1"
9UCQN8H8.tei,/Users/joshuapolanin/Documents/OM_QEX/data/grobid_outputs/tei/9UCQN8H8.tei.xml,,,,Targeting the Ultra Poor (TUP) Program,India,2007,Randomized Controlled Trial,"Asset transfer program providing productive assets (primarily livestock) to ultra-poor households, with consumption support, skills training, and ongoing coaching",30,120,,,,,,,1,Randomized Controlled Trial,1,266,,Yes,Not mentioned,Yes,Yes,Yes,Yes,Not mentioned,Per capita consumption,Monthly per capita consumption in 2018 US dollar PPP,0.3,0.01,"0.3 SD higher at 18 months and 3 years, growing to 0.7 SD higher at 7 years, remains 0.6 SD higher at 10 years (p < 0.01)","Page 8, Table 1, Column 2"
9UCQN8H8.tei,/Users/joshuapolanin/Documents/OM_QEX/data/grobid_outputs/tei/9UCQN8H8.tei.xml,,,,Targeting the Ultra Poor (TUP) Program,India,2007,Randomized Controlled Trial,"Asset transfer program providing productive assets (primarily livestock) to ultra-poor households, with consumption support, skills training, and ongoing coaching",30,120,,,,,,,1,Randomized Controlled Trial,1,266,,Yes,Not mentioned,Yes,Yes,Yes,Yes,Not mentioned,Food security index,Composite index measuring household food security (standard deviation units),0.2,0.01,"0.2 SD more food secure at 18 months, 0.25 SD at 3 years (p < 0.01), grows to 0.4 SD at 7 years, remains 0.13 SD at 10 years (p < 0.05)","Page 8, Table 1, Column 3"
9UCQN8H8.tei,/Users/joshuapolanin/Documents/OM_QEX/data/grobid_outputs/tei/9UCQN8H8.tei.xml,,,,Targeting the Ultra Poor (TUP) Program,India,2007,Randomized Controlled Trial,"Asset transfer program providing productive assets (primarily livestock) to ultra-poor households, with consumption support, skills training, and ongoing coaching",30,120,,,,,,,1,Randomized Controlled Trial,1,266,,Yes,Not mentioned,Yes,Yes,Yes,Yes,Not mentioned,Financial inclusion index,Index of monthly loans and savings (standard deviation units),0.12,,"0.12 SD at year ten, statistically indistinguishable from zero","Page 8, Table 1, Column 5"
9UCQN8H8.tei,/Users/joshuapolanin/Documents/OM_QEX/data/grobid_outputs/tei/9UCQN8H8.tei.xml,,,,Targeting the Ultra Poor (TUP) Program,India,2007,Randomized Controlled Trial,"Asset transfer program providing productive assets (primarily livestock) to ultra-poor households, with consumption support, skills training, and ongoing coaching",30,120,,,,,,,1,Randomized Controlled Trial,1,266,,Yes,Not mentioned,Yes,Yes,Yes,Yes,Not mentioned,Mental health index,"Composite index of life satisfaction, sadness, and worry (standard deviation units)",0.1,0.01,"0.1 SD improvement at 18 months, growing to 0.25 SD by year seven, remaining at this level until year ten (p < 0.01)","Page 8, Table 1, Column 7"
9UCQN8H8.tei,/Users/joshuapolanin/Documents/OM_QEX/data/grobid_outputs/tei/9UCQN8H8.tei.xml,,,,Targeting the Ultra Poor (TUP) Program,India,2007,Randomized Controlled Trial,"Asset transfer program providing productive assets (primarily livestock) to ultra-poor households, with consumption support, skills training, and ongoing coaching",30,120,,,,,,,1,Randomized Controlled Trial,1,266,,Yes,Not mentioned,Yes,Yes,Yes,Yes,Not mentioned,Productive time use,Minutes spent on productive activities,0.285,0.01,"0.285 SD (60 more minutes) at 18 months, 0.1 SD (21 more minutes) at 3 years, 0.15 SD (30 more minutes) at 7 and 10 years (p < 0.01)","Page 8, Table 1, Column 8"
9UCQN8H8.tei,/Users/joshuapolanin/Documents/OM_QEX/data/grobid_outputs/tei/9UCQN8H8.tei.xml,,,,Targeting the Ultra Poor (TUP) Program,India,2007,Randomized Controlled Trial,"Asset transfer program providing productive assets (primarily livestock) to ultra-poor households, with consumption support, skills training, and ongoing coaching",30,120,,,,,,,1,Randomized Controlled Trial,1,266,,Yes,Not mentioned,Yes,Yes,Yes,Yes,Not mentioned,Livestock revenue,Monthly livestock revenue in 2018 US dollars,10.0,0.01,"$10 higher at 18 months, $8 higher at 3 years, $27 higher at 7 years (p < 0.01)","Page 9, Table 2, Column 1"
9UCQN8H8.tei,/Users/joshuapolanin/Documents/OM_QEX/data/grobid_outputs/tei/9UCQN8H8.tei.xml,,,,Targeting the Ultra Poor (TUP) Program,India,2007,Randomized Controlled Trial,"Asset transfer program providing productive assets (primarily livestock) to ultra-poor households, with consumption support, skills training, and ongoing coaching",30,120,,,,,,,1,Randomized Controlled Trial,1,266,,Yes,Not mentioned,Yes,Yes,Yes,Yes,Not mentioned,Nonfarm microenterprise earnings,Monthly earnings from nonfarm microenterprises in 2018 US dollars,25.0,0.01,"$25 higher at 3 years, $68 higher at 7 years (p < 0.01), 70% higher than control group","Page 9, Table 2, Column 2"
9UCQN8H8.tei,/Users/joshuapolanin/Documents/OM_QEX/data/grobid_outputs/tei/9UCQN8H8.tei.xml,,,,Targeting the Ultra Poor (TUP) Program,India,2007,Randomized Controlled Trial,"Asset transfer program providing productive assets (primarily livestock) to ultra-poor households, with consumption support, skills training, and ongoing coaching",30,120,,,,,,,1,Randomized Controlled Trial,1,266,,Yes,Not mentioned,Yes,Yes,Yes,Yes,Not mentioned,Wage income,Monthly wage income including remittances in 2018 US dollars,76.0,0.01,"No difference at 18 months or 3 years, grows to $76-89 by year 7 (p < 0.01), remains high at year 10","Page 9, Table 2, Columns 5-6"
