_key,study_id,outcome_group,outcome_category,location,literal_text,text_position
Q8XK3EIW.tei,121294984,Consumption,Per capita total consumption (PPP USD),Page 19; Results section; Table not specified,Per-capita consumption increases by 30% relative to the control group,"Page 19, Paragraph 1"
Q8XK3EIW.tei,121294984,Food Security,Food security index,Page 19; Results section,Food security index increases by 0.49 standard deviations (p-value < 0.0005),"Page 19, Paragraph 1"
Q8XK3EIW.tei,121294984,Financial Inclusion,Financial inclusion index,Page 19-20; Table 5,Financial inclusion index increases by 2.38 standard deviations (FWER-corrected p-value < 0.0005),"Page 19, Paragraph 2"
Q8XK3EIW.tei,121294984,Assets,Livestock and household assets index,Page 19; Results section,"Livestock assets index increases by 1.06 SD, household assets index increases by 0.36 SD","Page 19, Paragraph 1"
Q8XK3EIW.tei,121294984,Work/Employment,Total time spent working (primary woman),Page 19; Results section,"55% increase in total time spent working of the primary woman, driven by livestock-related self-employment","Page 19, Paragraph 1"
Q8XK3EIW.tei,121294984,Income,Total monthly household income (PPP USD),Page 20; Table not specified,Total monthly household income increases by USD 69 PPP (p-value 0.007) from USD 307 PPP in control group,"Page 20, Paragraph on Income and Revenues"
Q8XK3EIW.tei,121294984,Psychological Well-Being,Psychological well-being index,Page 19; Results section,Psychological well-being index increases by 0.58 SD for primary woman and 0.26 SD for primary man,"Page 19, Paragraph 2"
Q8XK3EIW.tei,121294984,Health,Child diarrhea rate,Page 19; Results section,Diarrhea rate in children under five falls by 16%,"Page 19, Paragraph 2"
Q8XK3EIW.tei,121294984,Education,School enrollment,Page 19; Results section,School enrollment increases by 4.6 percentage points for boys and 7.2 percentage points for girls,"Page 19, Paragraph 2"
Q8XK3EIW.tei,121294984,Social Capital/Empowerment,Women's empowerment index,Page 19-20; Results section,Women's empowerment index increases by 0.38 standard deviations,"Page 19, Paragraph 2"
