Coder name,Notes,StudyID,EstimateID,Author name,Year of publication,Publication type,Intervention abbreviation and name,Intervention description,Country,Frist year of intervention,Length of follow up,Exposure to intervention,Consumption support (cash or in-kind) to stabilize food security and prevent households from selling assets to survive ,Healthcare provision to address the basic health needs of individuals and households,"Assets transfer (often livestock, tools, or seed capital) to provide a foundation for an income-generation activity.",Skills training to enable participants to productively manage and grow their assets.,"Savings facilitation (e.g., savings accounts or linkages to microfinance institutions) to foster financial discipline and resilience.",Coaching and mentoring to offer continuous motivation and goal-setting support.,"Social empowerment and linkages to social protection, markets, and public services to encourage opportunities and inclusion in existing systems.",Evaluation Design,Evaluation Method,Outcome name,HITL_reviewer,HITL_status,HITL_notes
,,9UCQN8H8,9UCQN8H8_1,,,,Targeting the Ultra Poor (TUP) Program,"Asset transfer program providing productive assets (primarily livestock) to ultra-poor households, with consumption support, skills training, and ongoing coaching",India,2007,120.0,30.0,1,0,1,1,1,1,0,1,1,Asset ownership index,,,
,,9UCQN8H8,9UCQN8H8_2,,,,Targeting the Ultra Poor (TUP) Program,"Asset transfer program providing productive assets (primarily livestock) to ultra-poor households, with consumption support, skills training, and ongoing coaching",India,2007,120.0,30.0,1,0,1,1,1,1,0,1,1,Per capita consumption,,,
,,9UCQN8H8,9UCQN8H8_3,,,,Targeting the Ultra Poor (TUP) Program,"Asset transfer program providing productive assets (primarily livestock) to ultra-poor households, with consumption support, skills training, and ongoing coaching",India,2007,120.0,30.0,1,0,1,1,1,1,0,1,1,Food security index,,,
,,9UCQN8H8,9UCQN8H8_4,,,,Targeting the Ultra Poor (TUP) Program,"Asset transfer program providing productive assets (primarily livestock) to ultra-poor households, with consumption support, skills training, and ongoing coaching",India,2007,120.0,30.0,1,0,1,1,1,1,0,1,1,Financial inclusion index,,,
,,9UCQN8H8,9UCQN8H8_5,,,,Targeting the Ultra Poor (TUP) Program,"Asset transfer program providing productive assets (primarily livestock) to ultra-poor households, with consumption support, skills training, and ongoing coaching",India,2007,120.0,30.0,1,0,1,1,1,1,0,1,1,Mental health index,,,
,,9UCQN8H8,9UCQN8H8_6,,,,Targeting the Ultra Poor (TUP) Program,"Asset transfer program providing productive assets (primarily livestock) to ultra-poor households, with consumption support, skills training, and ongoing coaching",India,2007,120.0,30.0,1,0,1,1,1,1,0,1,1,Productive time use,,,
,,9UCQN8H8,9UCQN8H8_7,,,,Targeting the Ultra Poor (TUP) Program,"Asset transfer program providing productive assets (primarily livestock) to ultra-poor households, with consumption support, skills training, and ongoing coaching",India,2007,120.0,30.0,1,0,1,1,1,1,0,1,1,Livestock revenue,,,
,,9UCQN8H8,9UCQN8H8_8,,,,Targeting the Ultra Poor (TUP) Program,"Asset transfer program providing productive assets (primarily livestock) to ultra-poor households, with consumption support, skills training, and ongoing coaching",India,2007,120.0,30.0,1,0,1,1,1,1,0,1,1,Nonfarm microenterprise earnings,,,
,,9UCQN8H8,9UCQN8H8_9,,,,Targeting the Ultra Poor (TUP) Program,"Asset transfer program providing productive assets (primarily livestock) to ultra-poor households, with consumption support, skills training, and ongoing coaching",India,2007,120.0,30.0,1,0,1,1,1,1,0,1,1,Wage income,,,
